id,first_name,last_name,country,age
1,Nessi,Tinkler,Sweden,74
2,Mellicent,Worden,Russia,45
3,Elsbeth,Avramow,Poland,30
4,Addy,McGiffin,Mexico,16
5,Adria,Guillem,Russia,24
6,Sandy,De Cruze,Sweden,98
7,Mavra,Tomasello,China,60
8,Joli,Rusling,Ukraine,94
9,Adria,Relph,France,91
10,Kalila,Withur,Indonesia,57
11,Sherlock,Attoc,China,48
12,Ardisj,Eisig,Argentina,22
13,Leon,Sheffield,China,57
14,Ryann,Lovell,Serbia,39
15,Blake,Bartolomieu,China,46
16,Rhett,Coppo,Nepal,16
17,Sawyere,Pittman,Bangladesh,67
18,Hadley,Bruhnsen,France,22
19,Janetta,Tows,Indonesia,55
20,Patrice,Salla,Jamaica,71
21,Cristi,Whebell,Indonesia,66
22,Sadye,Grason,Brazil,66
23,Rebe,Blackly,Sweden,88
24,Sharla,Hynson,Colombia,69
25,Allianora,Farnham,Albania,75
26,Cathrine,Wreak,Cameroon,67
27,Hilde,Stuehmeier,Brazil,39
28,Irwinn,Bagot,Uzbekistan,96
29,Winnie,Peet,Indonesia,46
30,Cora,Hollibone,China,64
31,Dorette,Kittel,Mexico,56
32,Babita,Milstead,South Korea,69
33,Clark,Fallanche,Austria,56
34,Michal,Trayes,China,42
35,Arlene,Bretelle,Afghanistan,72
36,Grantham,Sancraft,Poland,56
37,Noak,Dollman,Lithuania,37
38,Robinson,MacIlory,China,35
39,Doll,Keefe,China,19
40,Jacquie,Corthes,Portugal,86
41,Lolita,Wemyss,South Africa,38
42,Daffi,Pickring,Philippines,48
43,Buffy,Labusquiere,Indonesia,57
44,Cassondra,Gouldsmith,Ireland,87
45,Dorelia,Kiltie,Mexico,93
46,Fabe,Poynter,Slovenia,88
47,Kessiah,Garaghan,Indonesia,77
48,Cornelle,Garron,Sweden,77
49,Bobbye,Saxelby,Brazil,80
50,Benedetta,Clows,China,77
51,Joleen,Moyers,Greece,28
52,Waneta,Cleave,Azerbaijan,39
53,Gian,Pearcehouse,China,99
54,Nickie,Probate,Uganda,93
55,Emilie,Wahner,Indonesia,98
56,Jessika,Lade,Brazil,98
57,Carrol,Stit,Netherlands,33
58,Lonnie,Cudiff,United States,62
59,Thorndike,Kamena,Indonesia,84
60,Roarke,Roath,Philippines,55
61,Mattias,Smogur,Mexico,33
62,Armstrong,Durward,Poland,79
63,Linette,Vuitte,Japan,30
64,Paolo,Sykes,Russia,40
65,Patti,Liveley,China,63
66,Euell,Mansion,Mongolia,70
67,Dur,Foucard,Czech Republic,66
68,Kelley,Dewberry,China,52
69,Mersey,de Bullion,Norway,33
70,Theodore,Lagde,Indonesia,93
71,Catrina,Gargett,Thailand,48
72,Casi,Scutchin,China,85
73,Virginia,Ferreira,Indonesia,68
74,Betti,Blything,Indonesia,64
75,Geri,Rockhill,Tunisia,31
76,Tory,Stading,China,77
77,Sam,Costin,China,83
78,Averill,Itzhayek,Russia,64
79,Joane,Haddow,China,96
80,Dominique,Devigne,Thailand,51
81,Flossi,Llopis,Czech Republic,49
82,Anna,Boraston,Argentina,88
83,Ozzy,Kupka,Portugal,88
84,Amery,Fawkes,Indonesia,38
85,Raf,Renzini,Poland,91
86,Neall,Paulitschke,Guatemala,70
87,Frederich,Ansell,Indonesia,27
88,Isidore,Filochov,Estonia,58
89,Jennee,Trenear,China,71
90,Amelie,Spaughton,Philippines,99
91,Maxwell,Fretwell,China,28
92,Aurelea,Jordan,Tajikistan,20
93,Malvina,Carstairs,Italy,53
94,Fanny,Kindall,Japan,18
95,Madalena,Showen,China,99
96,Ingelbert,Brose,Russia,58
97,Julietta,Birrane,Japan,33
98,Larisa,Blodgett,France,93
99,Aridatha,Florence,China,76
100,Krystal,Borgars,China,79
101,Jere,Peschke,Czech Republic,15
102,Henrietta,Fitzmaurice,Brazil,81
103,Joanna,Blais,Peru,33
104,Jeremias,Kingaby,China,79
105,Corette,Fleis,Poland,78
106,Teena,Sainsbury-Brown,Panama,96
107,Dorris,Gookey,China,58
108,Lois,Matuszak,Indonesia,58
109,Rochella,Brunotti,Namibia,60
110,Orton,Wudeland,Brazil,25
111,Westley,Pyer,Honduras,31
112,Rowe,Massimo,Ukraine,58
113,Kiersten,Haymes,Saudi Arabia,60
114,Andra,McGuffog,Sweden,97
115,Jozef,Petegrew,United States,43
116,Sarge,Davion,Yemen,86
117,Shari,Cordell,Philippines,58
118,Davina,Cains,Croatia,34
119,Salomon,Guilloneau,Indonesia,18
120,Everard,Spatig,Brazil,32
121,Aila,Bridger,Brazil,38
122,Westleigh,Stather,Philippines,44
123,Alexio,Furmage,China,77
124,Beth,Durnian,Sweden,69
125,Omero,Grundwater,Greece,92
126,Hogan,Jiggen,Indonesia,57
127,Ajay,Cardus,China,23
128,Daveta,Kynastone,Mexico,41
129,Rena,Morrow,Indonesia,31
130,Nola,Rawsthorn,China,81
131,Hermia,Kunert,Netherlands,87
132,Ettie,O'Hoey,Philippines,81
133,Lindy,Labbati,Japan,31
134,Hagen,Doran,France,30
135,Joli,Tipens,Philippines,17
136,Kevyn,Wogden,Indonesia,58
137,Giulia,Mac Giany,China,16
138,Riobard,Leagas,Peru,25
139,Bowie,Miranda,Indonesia,65
140,Iosep,Wagerfield,Russia,25
141,Cleve,Lyfield,China,91
142,Tripp,Lissaman,Armenia,67
143,Brody,Oneile,Philippines,31
144,Brinn,Ivashnyov,United States,41
145,Hubert,Hubbucks,China,72
146,Edgar,Capener,Colombia,49
147,Thadeus,Walworth,France,60
148,Madalena,Honniebal,France,89
149,Ringo,Martland,China,69
150,Kitty,D'Ruel,Peru,98
151,Illa,Blackshaw,Macedonia,80
152,Siobhan,Giddy,Portugal,75
153,Cornell,McCulley,China,52
154,Rafi,Iacovielli,France,31
155,Elna,Ivanchov,Sweden,68
156,Corabella,Antonignetti,Greece,51
157,Jennie,Malyj,Indonesia,43
158,Dukie,Strain,China,70
159,Lark,Coghill,China,62
160,Ahmad,Van der Veldt,Indonesia,86
161,Andres,MacGille,Peru,61
162,Bjorn,Cosgrove,Latvia,59
163,Siobhan,Kerwood,Brazil,85
164,Ker,Liptrot,France,74
165,Maximilian,Albany,China,60
166,Daphne,Millsom,Philippines,22
167,Ashlan,Labden,Nigeria,87
168,Flossi,Ashard,Kazakhstan,79
169,Craggie,Joskowitz,Brazil,98
170,Eula,Riddiford,Canada,24
171,Gayel,Ferryman,China,34
172,Toddie,Statton,Cyprus,60
173,Emili,Moogan,France,98
174,Georgine,Gladdifh,Greece,16
175,Jenine,Hampshire,China,37
176,Oswell,Menci,Bahamas,36
177,Kassia,O' Sullivan,China,72
178,Duky,Chidler,Vietnam,53
179,Carla,Tomalin,China,44
180,Amandi,Cuskery,China,38
181,Rani,Beer,United States,23
182,Dominik,Hewkin,China,30
183,Kacey,Gebby,Russia,39
184,Leisha,Tague,Indonesia,75
185,Derward,Darte,Portugal,66
186,Owen,Ysson,Indonesia,75
187,Casie,Kewzick,Mongolia,21
188,Jan,Copestick,Dominican Republic,49
189,Abba,Blogg,Egypt,15
190,Alfonso,Acklands,Indonesia,23
191,Olympe,Keats,Peru,99
192,Stinky,Balfre,Portugal,67
193,Lara,Pietri,Sweden,58
194,Abramo,Ingleton,Japan,53
195,Farah,Cavanagh,Honduras,19
196,Jefferson,Hunnicot,Russia,71
197,Kitti,McLenaghan,Ukraine,84
198,Gerick,Troak,Serbia,32
199,Laureen,L'Episcopio,Portugal,65
200,Verna,Sherrett,Canada,23
201,Tera,Lawrenz,Central African Republic,31
202,Fancie,Crommett,China,46
203,Alix,Mattingly,United States,89
204,Cate,Penton,Canada,96
205,Karolina,Grieveson,Canada,65
206,Ole,Brislawn,Sweden,94
207,Tad,Merryweather,China,92
208,Bradley,Berrygun,Russia,51
209,Nehemiah,Ranken,France,27
210,Gram,Zaniolo,Portugal,96
211,Hunter,Ruegg,Uganda,84
212,Hendrika,Cisson,Indonesia,76
213,Koo,Legerton,United States,79
214,Wallache,Bly,China,66
215,Lissie,Reynard,Russia,71
216,Llywellyn,Pagel,Indonesia,84
217,Godard,Townend,Poland,90
218,David,Cockson,China,54
219,Myer,Sandyfirth,China,23
220,Alfred,Chafer,Jamaica,60
221,Karlee,Gary,Ireland,73
222,Morgen,Waything,Indonesia,95
223,Alyce,Wagerfield,Morocco,76
224,Karolina,Kerwick,Croatia,49
225,Gianina,Klimochkin,Indonesia,87
226,Lyon,Leagas,Madagascar,39
227,Tripp,Stailey,Indonesia,61
228,Catlin,Cominello,Guatemala,33
229,Elmo,Stearndale,China,17
230,Gunter,Towlson,Bosnia and Herzegovina,31
231,Cozmo,Burnsyde,Zimbabwe,50
232,Rikki,Beatey,China,69
233,Melinde,Brehat,Poland,84
234,Ephraim,Weippert,Russia,65
235,Odella,Coke,Indonesia,49
236,Nicolai,Kyllford,Nigeria,63
237,Lou,Timlett,Indonesia,19
238,Kimbra,Blunn,China,83
239,Enrico,Balnaves,China,84
240,Dorri,Edgcombe,China,84
241,Crissie,Montford,Chile,29
242,Kellyann,Kitchenham,Philippines,68
243,Duky,Dobbins,China,60
244,Rafaellle,McKellar,Indonesia,84
245,Lemmie,Barnwille,United Arab Emirates,78
246,Jimmie,Richten,Indonesia,82
247,Reube,Le Brun,Japan,97
248,Camellia,Mourant,Armenia,28
249,Corney,Hazart,Brazil,92
250,Lanae,Scaddon,France,90
251,Diane-marie,Trodler,Croatia,25
252,Cyrille,Kausche,Macedonia,20
253,Waverley,Domb,Greece,25
254,Cecile,Castagnaro,China,88
255,Morrie,Gieraths,Morocco,97
256,Letitia,McNish,Italy,99
257,Beale,Timbs,Democratic Republic of the Congo,100
258,Natalee,Barlie,Azerbaijan,35
259,Fanya,Ledeker,Colombia,43
260,Delmar,Trippett,France,98
261,Parker,Meeland,China,19
262,Kristi,Douris,Iran,96
263,Jeffie,Cottu,Portugal,94
264,Kristoforo,Molan,China,43
265,Ned,Parke,Pakistan,39
266,Merrick,Mullins,Thailand,32
267,Carley,Atterley,Portugal,60
268,Lilian,Benasik,Malaysia,44
269,Raynor,Heinig,Indonesia,85
270,Truman,Cruse,Ukraine,84
271,Violet,Wintle,Japan,98
272,Lorna,Droghan,Honduras,91
273,Joellen,Pude,Colombia,20
274,Traver,Grubbe,Brazil,32
275,Leontine,Wardhaw,Benin,65
276,Kenon,Ellif,Egypt,53
277,Robinson,Gradon,Peru,73
278,Lyndell,Swidenbank,Luxembourg,96
279,Wileen,De Beauchemp,China,70
280,Susi,Cyson,China,85
281,Kylie,O' Connell,Indonesia,76
282,Auguste,Pescud,Portugal,98
283,Robinia,Ostridge,Indonesia,81
284,Maris,Renison,Indonesia,93
285,Francis,Dayborne,Botswana,33
286,Felike,Carnson,Philippines,63
287,Edeline,Gors,Russia,92
288,Marjie,Kilfeder,Togo,33
289,Amalia,Goodman,France,37
290,Carver,Van der Beek,China,91
291,Jennine,Kulic,Philippines,27
292,Ewart,Gettings,Portugal,57
293,Sherlock,Edward,Russia,16
294,Flossi,Simonett,Russia,45
295,Keir,Flooks,China,48
296,Pris,O'Duane,China,40
297,Gabrila,Gytesham,China,64
298,Chris,McVane,Indonesia,48
299,Imogene,Libermore,Colombia,67
300,Adelaida,Waddicor,France,92
301,Tova,Reinbeck,Nepal,74
302,Ryan,Brims,Sweden,39
303,Grace,Strippel,Poland,90
304,Wilma,Davitashvili,Indonesia,97
305,Willy,Barthelemy,Luxembourg,91
306,Deonne,Callaby,Palestinian Territory,21
307,Kiersten,Bracknall,China,73
308,Candra,Tull,Indonesia,56
309,Franny,Dybell,China,55
310,Roddy,Howick,Philippines,17
311,Ketty,Geater,Philippines,41
312,Asia,Freake,Philippines,88
313,Haily,Dudman,Philippines,59
314,Vladamir,Roston,Portugal,80
315,Heloise,Lambole,Indonesia,42
316,Maureen,Blankley,Indonesia,44
317,Maribeth,Simonato,Sweden,76
318,Derrik,Whardley,Sweden,45
319,Ernestus,Rumbellow,Philippines,92
320,Manon,Heller,Indonesia,54
321,Egor,Vice,Latvia,59
322,Lynn,Seckom,Bulgaria,41
323,Darell,Pohling,China,46
324,Claudia,McKune,Ukraine,36
325,Sherie,Buddington,China,52
326,Floyd,Oneil,China,66
327,Willow,Syme,Gambia,69
328,Thorstein,Ladbrooke,China,67
329,Dorian,Boatswain,Philippines,58
330,Burke,Scholcroft,Indonesia,62
331,Wilton,Matyja,China,33
332,Jillana,Clues,France,38
333,Aila,Vondrak,Tajikistan,57
334,Shellie,Alliker,Kenya,77
335,Jard,Butrimovich,Colombia,18
336,Fanny,McGow,Colombia,64
337,Joete,Kilsby,Indonesia,85
338,Ellwood,Steuart,Canada,52
339,Kris,Edie,Russia,27
340,Maxi,Griffith,China,48
341,Hephzibah,Bossons,United States,46
342,Maire,Pantone,China,84
343,Wayne,Idenden,Malaysia,61
344,Mitzi,Cracoe,Czech Republic,42
345,Karon,Daborne,Brazil,73
346,Rob,Roft,Poland,56
347,Kevan,Lowres,United Arab Emirates,39
348,Kendall,Adams,Portugal,59
349,Ardisj,Piser,Russia,77
350,Rhianna,Hales,Colombia,95
351,Wallis,Cameron,Portugal,26
352,Cordey,Thunnercliffe,United States,99
353,Wanids,Kornilov,Costa Rica,38
354,Mercy,McCrackan,Greece,25
355,Barbi,Shotboult,Egypt,55
356,Fayre,Deaton,China,54
357,Verene,Hugonneau,Ukraine,23
358,Dode,Tremoille,Bangladesh,39
359,Tobe,Shrubshall,France,67
360,Verena,Branni,China,34
361,Panchito,Franzman,Portugal,87
362,Ricky,Dyne,Brazil,58
363,Orin,Monnoyer,Indonesia,16
364,Glory,Gerring,China,94
365,Alf,Brassill,Democratic Republic of the Congo,32
366,Sullivan,Luke,Indonesia,66
367,Eilis,Bednall,Ethiopia,85
368,Weylin,Jachimczak,France,42
369,Gabie,Rundall,Philippines,44
370,Tabbie,Licence,Nigeria,90
371,Farly,Harvie,China,28
372,Asa,Cholton,Indonesia,24
373,Natasha,Islep,Indonesia,98
374,Sharity,Salkeld,Anguilla,90
375,Yasmin,Dagon,Sweden,70
376,Liana,Dulson,Lithuania,34
377,Phyllis,Vaz,Indonesia,84
378,Roldan,Brito,Brazil,94
379,Arlinda,Sieb,Russia,56
380,Tiertza,McAlister,Gabon,48
381,Audrye,Coyne,Zimbabwe,44
382,Ardene,Warsop,China,61
383,Misti,Iffe,Tajikistan,17
384,Gwenora,Boodell,China,24
385,Leticia,Deely,Venezuela,18
386,Thebault,Barthot,Indonesia,27
387,Theodore,Hunnaball,Vietnam,49
388,Hermann,Quillinane,Argentina,52
389,Rickard,MacGuigan,Portugal,61
390,Symon,Whiteson,China,25
391,Pammie,Enrich,Ethiopia,85
392,Franzen,Ball,France,62
393,Wheeler,Shakeshaft,Cuba,34
394,Sherilyn,Burstowe,Russia,77
395,Bianka,Iskow,Philippines,70
396,Larine,Missington,Sweden,18
397,Myer,Ashburne,Argentina,27
398,Nyssa,MacCallester,Azerbaijan,92
399,Hatti,Durbin,China,65
400,Moishe,Teal,Sweden,18
401,Bernete,Rosi,Kosovo,75
402,Betti,Mackett,Indonesia,90
403,Zorah,Asling,Peru,30
404,Kelsey,Shambroke,Uganda,36
405,Michail,Pulford,China,68
406,Juliana,Micah,Philippines,87
407,Felicity,Liptrod,Pakistan,63
408,Danya,McCarlich,China,35
409,Kalvin,Skipping,China,26
410,Dari,Casassa,Laos,86
411,Mariska,Hurll,Finland,36
412,Jodee,Revance,Panama,21
413,Letisha,Grant,Japan,44
414,Anjela,Takkos,Indonesia,96
415,Allan,Storrah,China,28
416,Jacqueline,Woolens,Mauritius,75
417,Holly,Champniss,Brazil,60
418,Yuma,Phillpot,United States,56
419,Marlane,Tiner,Gambia,48
420,Arlyne,Okroy,Ethiopia,78
421,Paige,Danbrook,Slovenia,95
422,Gilburt,Mousley,Japan,36
423,Antonina,Wrout,Russia,30
424,Edin,Tolfrey,Poland,80
425,Julie,Stallon,Russia,23
426,Kessia,Dalziell,Russia,29
427,Shelley,Alcock,Laos,78
428,Brandon,Halgarth,Thailand,28
429,Abagail,Piscopo,Venezuela,91
430,Bevin,Ruddock,Uruguay,21
431,Damaris,Hassell,Mexico,80
432,Sadie,Mulran,Indonesia,18
433,Rhys,Paolillo,Russia,24
434,Abra,Borghese,China,80
435,Jacobo,Birkwood,Czech Republic,83
436,Ruddie,Risby,Iran,97
437,Ola,Gerleit,China,27
438,Margie,Iddiens,Morocco,79
439,Emelda,Pickburn,Thailand,73
440,Elset,Vardey,Russia,89
441,Pennie,Panchen,China,33
442,Friedrich,Fritschel,Portugal,31
443,Germain,Breeds,China,86
444,Nicholas,Stallybrass,France,40
445,Angele,Font,Portugal,30
446,Anette,Macilhench,Russia,92
447,Robinet,Mawd,Afghanistan,50
448,Vanny,MacPadene,Brazil,69
449,Phaedra,Ber,Poland,27
450,Libby,Castleman,Philippines,87
451,Abigale,Greenslade,Czech Republic,99
452,Aeriela,Satterlee,Indonesia,52
453,Emlynn,Adamides,China,85
454,Randie,Chambers,Greece,69
455,Emylee,Vizard,Italy,90
456,Winthrop,Sedgemond,Brazil,55
457,Amanda,Myring,Indonesia,61
458,Burtie,McCrory,Portugal,51
459,Loralie,Havick,France,59
460,Eolande,Lovejoy,China,84
461,Caspar,Stair,Laos,62
462,Ruth,Chennells,United States,31
463,Dalli,Pretsel,Papua New Guinea,61
464,Thornton,Degg,Thailand,74
465,Kassey,Kolinsky,Czech Republic,66
466,Rubia,Mugleston,China,93
467,Chaddie,Hallam,Togo,71
468,Moore,Kunneke,Czech Republic,65
469,Wandie,Roggieri,Rwanda,47
470,Tam,Mayor,Philippines,47
471,Emmye,Jonczyk,China,63
472,Ban,McGurn,Bolivia,30
473,Ronny,Kiddie,Portugal,35
474,Aurelie,Brosi,Colombia,24
475,Bernie,Fills,China,95
476,Ansell,Clemetts,Indonesia,26
477,Carlo,Arnley,Poland,15
478,Wilbur,Scroyton,Indonesia,100
479,Conroy,Cochrane,Brazil,77
480,Keary,Cramb,Honduras,56
481,Vevay,Brennans,Indonesia,67
482,Blondelle,Levett,Indonesia,60
483,Lanny,Aron,Indonesia,24
484,Marika,Lomond,Guatemala,56
485,Chrotoem,Kilday,China,69
486,Fletch,Varndell,North Korea,34
487,Nellie,Rosterne,United Kingdom,35
488,Bennie,Gration,Guatemala,19
489,Ferne,Kennifick,Kyrgyzstan,60
490,Mufi,Martill,Argentina,75
491,Wes,Purver,Indonesia,54
492,Waylan,Kilgrew,Japan,94
493,Patrica,Bertson,Indonesia,60
494,Stern,Deaville,Bolivia,84
495,Harvey,Wilshere,Philippines,56
496,Adore,Giorgietto,Indonesia,51
497,Hilliary,Lenihan,China,47
498,Boyce,Chew,Ireland,56
499,Jemima,Tombleson,Colombia,59
500,Rikki,Handrik,Honduras,86
501,Cybil,Orniz,China,34
502,Ruby,Cazin,Burundi,32
503,Bibbie,Leipnik,France,59
504,Quintin,Comini,France,78
505,Alistair,Popplewell,China,65
506,Brock,Szymonwicz,Albania,78
507,Mariann,Goch,Uzbekistan,95
508,Gael,Makey,Poland,20
509,Marlie,Giorgio,France,70
510,Minnie,Buffy,Kazakhstan,27
511,My,Easterling,Canada,90
512,Cassandry,Kesten,United States,17
513,Orrin,Buscher,Colombia,61
514,Sollie,Wheelton,China,63
515,Andreas,Dreini,France,76
516,Marsh,Ferraron,Brazil,48
517,Joellyn,Mowbray,China,97
518,Lenette,Perl,Russia,53
519,Judye,Freschini,Philippines,20
520,Tilly,Wolters,Portugal,77
521,Zechariah,Ekkel,Mongolia,62
522,Alfie,Kohen,France,31
523,Jessa,Fereday,Netherlands,56
524,Emera,Muggleton,China,66
525,Fidelio,Carp,Greece,33
526,Opaline,Jiricka,Poland,49
527,Dacie,Lavin,Qatar,34
528,Alex,Maybury,Albania,39
529,Silvain,Vedeneev,Russia,25
530,Cassey,Iacovone,Bangladesh,15
531,Perl,Amar,Peru,39
532,Arlinda,Mandry,Philippines,30
533,Peirce,Coleford,Tajikistan,58
534,Marlowe,Easterling,Indonesia,70
535,Adams,Palfreyman,Nigeria,89
536,Marchall,Berzins,China,97
537,Orel,Shoulders,Iran,89
538,Louella,Gowry,Belarus,18
539,Noby,Stanes,Indonesia,97
540,Kristen,Woolland,Russia,88
541,Rosabel,Pidler,Philippines,39
542,Solomon,Fold,Russia,37
543,Estella,Yakovitch,Brazil,64
544,Mickie,Rajchert,Indonesia,71
545,Edythe,Courtier,Ireland,23
546,Chas,Garrood,Colombia,40
547,Vivie,Meardon,China,29
548,Nell,Needs,Portugal,23
549,Jon,Elacoate,China,98
550,Mari,Tubb,Poland,34
551,Jenilee,Lampett,Georgia,98
552,Elia,Day,Russia,48
553,Desdemona,Sproul,Philippines,16
554,Morty,Wharrier,Russia,55
555,Tripp,Trathan,Philippines,89
556,Zed,Woolaston,Indonesia,15
557,Wyatt,Coolbear,Tunisia,40
558,Roddie,Heake,Indonesia,92
559,Elie,Whaplington,Kenya,53
560,Matthiew,Westney,China,15
561,Quintina,Tym,Czech Republic,18
562,Halli,Hirjak,Russia,43
563,Rich,Lewin,China,42
564,Linn,Marlowe,Peru,22
565,Barbette,Grand,Cyprus,26
566,Hollyanne,Brabin,Senegal,92
567,Darla,Benasik,Malaysia,68
568,Taddeo,Fyfe,Venezuela,85
569,Elissa,Askaw,Thailand,67
570,Tish,Capron,Russia,42
571,Malachi,Renshell,Czech Republic,24
572,Brion,Sleney,Brazil,23
573,Carmita,Arzu,Philippines,41
574,Rainer,Fontaine,Portugal,29
575,Wilmar,Getsham,Nigeria,70
576,Elane,MacEvilly,China,90
577,Patty,Hamlin,Honduras,51
578,Blondie,Blockley,China,81
579,Frans,Burgoine,Philippines,28
580,Kial,Sedgeworth,China,37
581,Amos,Have,Germany,92
582,Liva,Geffen,Russia,18
583,Nil,Le Brum,Poland,78
584,Helenelizabeth,Pyson,China,41
585,Dell,Giraldon,China,29
586,Cedric,Livens,Philippines,46
587,Vonni,Marvell,Peru,23
588,Lorelei,Karp,Japan,45
589,Rebbecca,Buse,Russia,39
590,Ikey,Baldini,Philippines,100
591,Audi,Pischof,Japan,70
592,Elladine,Laverick,Spain,74
593,Daphne,Jelf,Armenia,59
594,Nikola,Ogan,China,96
595,Nelia,Andryushchenko,Norway,43
596,Rancell,Watmough,China,81
597,Paco,Vaune,Uganda,23
598,Filmer,Breston,Czech Republic,60
599,Olia,Marton,China,19
600,Lindsey,Wingate,Portugal,73
601,Zackariah,Kitman,Indonesia,60
602,Thorsten,Blanque,Indonesia,95
603,Quill,Grzelczak,Kenya,54
604,Ilyssa,Flowith,Vietnam,89
605,Culley,Claughton,Canada,49
606,Karyn,Prudence,China,25
607,Loni,Sabatini,Central African Republic,22
608,Kaitlynn,Powis,Indonesia,85
609,Elyse,Sage,Croatia,15
610,Ethelyn,Grodden,Colombia,85
611,Niki,Dresser,Philippines,82
612,Jerry,Grealish,Indonesia,31
613,Kylynn,Opfer,Philippines,28
614,Cyndie,Ivanishev,Brazil,30
615,Garrick,Joyson,Brazil,81
616,Adrien,Ruston,China,53
617,Loleta,Vescovini,Indonesia,40
618,Suzanne,Pittham,Philippines,81
619,Morgen,Madner,Colombia,100
620,Hastings,Dransfield,China,48
621,Helge,Dumingo,Colombia,51
622,Andra,Craister,China,16
623,Emmi,MacRinn,Sweden,59
624,Durant,Goldsbrough,Nigeria,22
625,Amery,Blei,Japan,89
626,Germayne,Billows,China,15
627,Florentia,Franzettoini,Vietnam,52
628,Jobina,Peasgood,Peru,18
629,Harbert,Lyosik,Peru,31
630,Jerri,Sadat,Thailand,26
631,Dougie,Lomath,Indonesia,39
632,Bank,Midghall,Portugal,39
633,Aldon,Ruppertz,China,96
634,Tamas,Durston,China,95
635,Clyde,Mostyn,Nicaragua,17
636,Kasper,Bodycomb,Afghanistan,55
637,Gabriellia,McOrkill,United States,27
638,Caterina,Fossey,Canada,85
639,Dita,Thomlinson,Thailand,38
640,Alice,Lewknor,Brazil,24
641,Mayer,De Domenicis,Cyprus,95
642,Lyon,Dilloway,Indonesia,73
643,Trip,Broseman,Guatemala,72
644,Dell,O'Fogerty,Dominican Republic,61
645,Roxi,Plumridge,Brazil,61
646,Beaufort,Thorowgood,Cameroon,54
647,Shandie,Kuller,Poland,35
648,Deborah,McCarlie,Brazil,71
649,Cynthie,Claesens,Spain,19
650,Tallia,Ivanishev,China,66
651,Colene,Deeming,Mongolia,56
652,Vida,Nethercott,Indonesia,99
653,Gale,Iddiens,Canada,42
654,Maryellen,Lafflin,Brazil,60
655,Jamesy,Tallyn,Indonesia,58
656,Babara,Hulle,China,30
657,Worthy,Perl,Indonesia,41
658,Stephannie,Richfield,Bangladesh,100
659,Angelica,Ploughwright,Vietnam,92
660,Ashlan,Laba,Slovenia,85
661,Ayn,Heathwood,Philippines,88
662,Barry,McIver,Croatia,62
663,Dayle,Ricardo,Czech Republic,59
664,Ranna,Lezemere,China,79
665,Dexter,Hammatt,Thailand,18
666,Petunia,Burwell,Brazil,99
667,Ava,McVitie,Russia,98
668,Gayle,De Roeck,Philippines,95
669,Damita,Harfoot,France,48
670,Carmina,Dabnor,United States,47
671,Idell,Bassom,Russia,82
672,Luisa,Scadden,China,43
673,Dasie,Roskruge,China,92
674,Rozalie,Rappa,Bosnia and Herzegovina,57
675,Gigi,Arguile,El Salvador,97
676,Filmore,Loffel,China,76
677,Rozalie,Jeffryes,Indonesia,71
678,Miriam,Gaveltone,United States,38
679,Vin,Fusco,Canada,46
680,Lainey,Guihen,China,88
681,Eugen,Reddington,United States,98
682,Charo,Dreng,Indonesia,83
683,Fanya,Dielhenn,Sweden,61
684,Row,Bruhke,Indonesia,73
685,Garrick,Mairs,Japan,99
686,Giorgio,Romagnosi,Czech Republic,78
687,Maurise,Keasy,Poland,68
688,Sophia,Keneforde,Dominican Republic,93
689,Lenard,Chiles,Indonesia,99
690,Drona,Kloser,China,90
691,Vivian,Syson,Iran,20
692,Claudetta,Michelet,Moldova,32
693,Pris,Huws,Indonesia,63
694,Lyda,Weber,Pakistan,78
695,Grange,MacKettrick,Switzerland,97
696,Charlotte,Carne,China,50
697,Wood,Simkovich,Sweden,19
698,Milton,Chipp,France,98
699,Obidiah,Dumingos,Indonesia,37
700,Fidelia,Moulster,Russia,38
701,Linea,Masden,Thailand,18
702,Teddie,Connors,Russia,37
703,Vick,Curzey,Indonesia,77
704,Hortensia,Swains,China,20
705,Barbi,Eilles,South Africa,88
706,Chelsey,Aird,Ukraine,15
707,Burtie,Annon,Poland,19
708,Iggy,Cumberpatch,China,84
709,Codi,Dirr,Guatemala,83
710,Jedediah,Elderbrant,Malaysia,16
711,Wilfred,Smurfit,Bangladesh,44
712,Arturo,Carnelley,Ireland,69
713,Joyan,Lengthorn,China,58
714,Lonee,Spriggin,Brazil,44
715,Angela,Christofe,Philippines,75
716,David,Bernetti,Cyprus,42
717,Vernen,Pimer,Philippines,55
718,Karna,Airth,Brazil,32
719,Elsa,Newvill,Czech Republic,25
720,Brice,Haveline,Indonesia,59
721,Lynette,Abatelli,China,57
722,Lenette,Purkess,Brazil,88
723,Benedikt,McNicol,Philippines,26
724,Hollie,Mandy,China,40
725,Phylis,Sellen,Greece,54
726,Olimpia,Sonnenschein,China,83
727,Loralee,Pohl,Indonesia,58
728,Gwyneth,Banck,Indonesia,57
729,Dasha,Kayne,Iran,30
730,Constantino,de Almeida,China,63
731,Gwenny,Godsmark,China,15
732,Eunice,Hanham,Poland,68
733,Venita,Lambdin,China,40
734,Suzi,Shepheard,China,41
735,Dollie,Najara,Mauritius,93
736,Sandye,Waliszewski,Japan,31
737,Audry,Emanuel,Mexico,64
738,Junia,Tatershall,Madagascar,32
739,Hillel,Dowdle,Ethiopia,91
740,Tillie,Claydon,Indonesia,19
741,Dudley,Breeze,Denmark,34
742,Clyde,Maunsell,China,100
743,Brandy,Vedenichev,Russia,51
744,Ray,Perritt,China,16
745,Britt,Finlay,Vietnam,74
746,Sharla,Clevely,Canada,99
747,Sib,Lathbury,Venezuela,68
748,Daveen,Qualtro,Japan,54
749,Gay,Taggert,Indonesia,98
750,Shepherd,Puddan,Brazil,63
751,Emlen,McMillian,New Zealand,19
752,Merrie,Robus,Indonesia,21
753,Yul,Physic,Mexico,40
754,Rolfe,Bynold,Ukraine,21
755,Dave,Layzell,Brazil,23
756,Demetris,Pretswell,Thailand,80
757,Olivette,Tiptaft,Thailand,25
758,Sibby,Mc Meekan,China,22
759,Janos,Kernes,Ukraine,26
760,Todd,Blenkin,Colombia,58
761,Percy,Doctor,China,85
762,Leela,Mithon,Ireland,84
763,Flint,Asple,China,74
764,Georgianne,McGairl,Indonesia,15
765,Bevvy,Artharg,Philippines,32
766,Ham,Wincott,Mexico,60
767,Manolo,Overthrow,United States,31
768,Mandel,Thickins,Estonia,96
769,Hunter,Altham,Philippines,66
770,Jinny,Kaspar,Paraguay,71
771,Weylin,Midgley,Sweden,92
772,Koressa,Aikman,Albania,22
773,Thane,Scapelhorn,Philippines,66
774,Rhona,Westcott,Sweden,77
775,Billye,Motton,Indonesia,28
776,Happy,Duchasteau,Nepal,94
777,Dino,Elgey,Brazil,22
778,Lizzy,Swanston,Mongolia,32
779,Brendis,Wellfare,Indonesia,72
780,Leonie,Sivorn,Brazil,71
781,Marietta,Jakab,Portugal,31
782,Jeanette,Jozefczak,Venezuela,15
783,Sutton,Scroggs,France,28
784,Kassia,Rickford,China,81
785,Essy,Simyson,China,62
786,Filippa,Poplee,Indonesia,94
787,Tonya,Tomasini,Mexico,85
788,Carole,Daveren,Czech Republic,56
789,Mile,Fellgate,Poland,67
790,Maximilian,Hulett,United States,40
791,Cassey,Rawle,Poland,59
792,Egor,Wilber,Colombia,32
793,Kellia,Exley,Philippines,55
794,Bree,Flode,Poland,49
795,Tarrance,Crim,Kenya,49
796,Laurens,Goose,Panama,84
797,Vin,McMackin,Ukraine,96
798,Andie,Haney`,Brazil,74
799,Celestia,D'Ambrogio,China,79
800,Lothario,Merrigan,France,93
801,Gayla,Dumbar,Indonesia,77
802,Brucie,Ryder,China,69
803,Doyle,Melloi,France,36
804,Lilah,Pierrepoint,France,21
805,Farris,Baldwin,China,84
806,Julita,Pinchen,Armenia,20
807,Fanechka,Danielis,China,15
808,Abra,Patis,Mongolia,98
809,Ruthann,Doman,Bolivia,75
810,Jobye,Sudell,Canada,36
811,Jessa,Melledy,Russia,72
812,Clare,Cowoppe,Indonesia,27
813,Fredrika,McKiernan,Indonesia,39
814,Harris,MacGowan,Croatia,39
815,Claudell,Saggs,Poland,78
816,Osbert,Copas,Russia,74
817,Rheta,Corbert,Poland,97
818,Jamesy,Cornels,Canada,88
819,Cyb,Blencoe,Russia,16
820,Wat,Brookbank,Russia,72
821,Daniella,Rickell,Afghanistan,28
822,Perle,Gasker,Canada,58
823,Mauricio,Lindsley,China,33
824,Dud,Gepson,Czech Republic,42
825,Dayna,Greenhouse,China,100
826,Consalve,O'Cahey,Indonesia,21
827,Bengt,Noye,United States,22
828,Shayna,Regenhardt,Czech Republic,59
829,Brody,Ramsted,China,94
830,Gray,Golly,United States,29
831,Job,Stocken,Japan,66
832,Rafaello,Tatford,United States,25
833,Alissa,Gregoriou,Argentina,31
834,Wylie,Durnell,Iran,21
835,Melanie,Govey,Indonesia,88
836,Ediva,McPartling,Finland,30
837,Dorree,Markham,Canada,72
838,Chevalier,Jacobssen,Thailand,68
839,Jakob,Sibly,China,19
840,Kathryne,Humerstone,Australia,55
841,Val,Warfield,Russia,89
842,Dyann,Peirpoint,Russia,32
843,Zaccaria,Wooster,China,22
844,Brittni,Sambedge,China,32
845,Catie,Stockley,Nigeria,86
846,Arty,Kairns,France,65
847,Christalle,Izakson,Ghana,80
848,Lay,Warlow,Thailand,90
849,Norene,Adshad,China,66
850,Melania,Roz,Montenegro,62
851,Merv,Wait,Portugal,27
852,Crysta,Bridgstock,Indonesia,83
853,Trenton,Cureton,Indonesia,76
854,Millie,Dolling,Indonesia,23
855,Ilene,Danneil,Czech Republic,17
856,Timmi,Bassett,Poland,46
857,Sterne,Annion,Sweden,83
858,Cairistiona,Bartolomieu,Indonesia,93
859,Nealon,Simants,Poland,27
860,Maureene,Hursthouse,Thailand,69
861,Maritsa,Drever,Albania,69
862,Gray,Gowland,Yemen,90
863,Jaquenetta,Nudds,Ireland,15
864,Holt,Lias,Russia,77
865,Randie,Hendron,Thailand,70
866,Duffie,Enrico,Morocco,39
867,Rorie,Rubinovici,Colombia,72
868,Lloyd,Blunden,Japan,87
869,Jamal,Matthiae,China,100
870,Trey,Yegorov,China,30
871,Harwilll,Bellefonte,China,45
872,Renard,Croall,Guam,93
873,Chelsie,McAlindon,Mauritius,80
874,Alice,Godmar,Russia,47
875,Annabella,Want,Czech Republic,78
876,Querida,Kleinber,Italy,21
877,Eldridge,Camili,Ukraine,20
878,Ali,Cescon,Central African Republic,62
879,Beniamino,Sharphouse,Indonesia,50
880,Carmelina,Tinan,China,66
881,Dun,Ganniclifft,Indonesia,50
882,Braden,Girvin,Egypt,60
883,Uriah,Gridley,Nigeria,60
884,Noni,Gierhard,Indonesia,85
885,Sidney,Cockshut,Ethiopia,72
886,Odilia,Salzberg,Philippines,73
887,Jamill,Oven,Colombia,74
888,Kimberley,Cornuau,France,34
889,Ericka,Orsman,China,81
890,Mile,Rowberry,Indonesia,54
891,Perla,Mynett,Brazil,56
892,Archibald,Bowers,Croatia,78
893,Ram,Aleveque,Serbia,81
894,Arden,Lorent,China,92
895,Pooh,MacWilliam,Serbia,47
896,Luz,Durban,Russia,26
897,Marylynne,Kordova,Portugal,83
898,Carry,Boobier,Indonesia,17
899,Wolf,Gillivrie,Poland,60
900,Madeline,Gartland,Indonesia,79
901,Kitti,Winspar,Poland,72
902,Dniren,Klimkovich,Paraguay,83
903,Tersina,Bolding,Philippines,58
904,Lori,Mechic,Syria,77
905,Fernando,MacAulay,Russia,92
906,Elmore,Troake,Portugal,25
907,Melisenda,Clyant,Brazil,74
908,Alick,Baroche,France,58
909,Zarah,Vale,Ireland,19
910,Marris,Dearsley,South Africa,66
911,Elsa,Treamayne,Indonesia,76
912,Liane,Godbert,Russia,98
913,Vilma,Fortun,China,58
914,Reba,Stealy,Russia,45
915,Alverta,Brewett,China,34
916,Jeannine,Sincock,Indonesia,57
917,Priscella,Courtes,Thailand,72
918,Shaine,Wasylkiewicz,Indonesia,26
919,Kain,Underhill,United States,80
920,Micheal,Mathet,China,20
921,Rogerio,Lackner,Mongolia,41
922,Krystalle,Rubinsaft,Bangladesh,58
923,Frederigo,Forson,Russia,25
924,Harmony,Sawkin,United States,22
925,Lay,Godar,United States,64
926,Susi,Rudwell,Iran,68
927,Ramonda,Pasquale,Peru,67
928,Jonah,Metcalfe,Portugal,33
929,Bil,Cargon,China,69
930,Lishe,Falconer-Taylor,China,28
931,Julius,Garey,Brazil,53
932,Agna,MacKerley,Canada,34
933,Clementine,Caen,China,32
934,Noelani,Aronov,China,39
935,Waldo,Ruddoch,Indonesia,99
936,Pryce,Di Franceshci,Brazil,96
937,Benyamin,Mellon,Bulgaria,41
938,Iseabal,Yakobovicz,Czech Republic,26
939,Waly,Avent,Indonesia,86
940,Hammad,Toffoloni,Indonesia,67
941,Therine,Caulket,Azerbaijan,90
942,Kurtis,Brazer,Portugal,18
943,Benson,Scrivens,Brazil,87
944,Adolphus,Clubbe,Poland,15
945,Dottie,Sandiford,Cyprus,74
946,Jermaine,Gaunter,Peru,28
947,Alyss,MacGarvey,China,40
948,Aluino,Chicchelli,China,88
949,Riobard,Kendrew,Philippines,48
950,Ilysa,Ellershaw,Philippines,60
951,Maison,Reddecliffe,Bolivia,94
952,Norris,Kleinfeld,Chad,69
953,Rafaello,Rust,Sweden,64
954,Randi,Sherbourne,Ireland,27
955,Agnes,Dewhirst,Russia,42
956,Alleyn,Gallant,Japan,65
957,Darbee,Gilpin,Indonesia,57
958,Jessee,Woodford,Indonesia,89
959,Anselm,Tozer,Brazil,16
960,Grove,Shuttell,Portugal,56
961,Seline,Viggars,Ukraine,92
962,Tracie,Burgiss,Zambia,95
963,Dicky,Insall,Poland,78
964,Alexine,Schwandermann,China,79
965,Branden,Blaver,China,33
966,Georgy,Wharfe,Indonesia,64
967,Pet,Easson,Nigeria,34
968,Sadella,Bussens,Russia,36
969,Graeme,Allender,China,28
970,Hilton,Le Gallo,Indonesia,77
971,Web,Cockman,China,79
972,Piper,Grassin,Japan,17
973,Livvy,Picardo,Indonesia,32
974,Marijo,Burchill,Turkmenistan,59
975,Con,Clinch,Ukraine,56
976,Mollee,Seely,Poland,85
977,Keven,Ekins,Indonesia,29
978,Salomon,Limon,Brazil,93
979,Ilaire,Lockier,Indonesia,76
980,Frederich,Cleatherow,Indonesia,23
981,Inessa,Melvin,Brazil,48
982,Fraze,Towler,Russia,58
983,Stu,Segot,Peru,99
984,Windy,Maghull,Brazil,77
985,Moore,Sinfield,United States,51
986,Thomasin,Foottit,China,98
987,Harris,Rubartelli,Indonesia,59
988,Melany,Sawell,Czech Republic,44
989,Janeen,House,Poland,72
990,Kelsey,Hadgraft,Luxembourg,36
991,Tobi,Duran,Poland,81
992,Gwyneth,Cloughton,China,66
993,Job,Hatchman,Brazil,32
994,Eldin,Burnie,Indonesia,30
995,Lorettalorna,Hicks,France,74
996,Hank,McNirlin,Poland,63
997,Penny,Gifkins,China,99
998,Clareta,Bernhard,Portugal,15
999,Honor,Goodday,Saudi Arabia,99
1000,Raynor,Haverty,Russia,60
